{"cameraMode":{"drawMode":0,"name":"Shaded","section":"Shading Mode"},"sceneLighting":false,"audioPlay":false,"sceneViewState":{"showFog":true,"showMaterialUpdate":false,"showSkybox":false,"showFlares":true,"showImageEffects":true,"showParticleSystems":true},"in2DMode":false,"pivot":{"x":1.285318374633789,"y":1.3581311702728272,"z":4.502528190612793},"rotation":{"x":0.005620355252176523,"y":-0.1562577784061432,"z":-0.0008892318001016974,"w":-0.9876999258995056},"size":7.5021162033081059,"orthographic":false}