{"cameraMode":{"drawMode":0,"name":"Shaded","section":"Shading Mode"},"sceneLighting":false,"audioPlay":false,"sceneViewState":{"showFog":true,"showMaterialUpdate":false,"showSkybox":false,"showFlares":true,"showImageEffects":true,"showParticleSystems":true},"in2DMode":false,"pivot":{"x":0.007686838507652283,"y":0.4749999940395355,"z":0.0},"rotation":{"x":0.12263844162225723,"y":-0.8703963756561279,"z":0.27307480573654177,"w":0.39089667797088625},"size":2.824420928955078,"orthographic":false}