{"cameraMode":{"drawMode":0,"name":"Shaded","section":"Shading Mode"},"sceneLighting":false,"audioPlay":false,"sceneViewState":{"showFog":true,"showMaterialUpdate":true,"showSkybox":false,"showFlares":true,"showImageEffects":true,"showParticleSystems":true},"in2DMode":false,"pivot":{"x":2.2446727752685549,"y":0.2782011330127716,"z":1.9810155630111695},"rotation":{"x":0.1707947552204132,"y":0.2193634957075119,"z":-0.039041634649038318,"w":0.959783673286438},"size":7.5021162033081059,"orthographic":true}